StudentID,TestForm,location,yearLevel
10001,1,0.593,3
10002,1,0.722,3
10003,1,0.722,3
10004,1,-0.153,2
10005,1,1.42,2
10006,1,0.722,2
10007,1,2.53,3
10008,1,0.094,2
10009,1,-0.795,3
10010,1,-0.661,2
10011,1,0.217,3
10012,1,-0.153,2
10013,1,0.593,2
10014,1,0.593,2
10015,1,-0.531,2
10016,1,0.593,3
10017,1,-0.932,2
10018,1,-1.074,2
10019,1,-0.278,3
10020,1,-0.153,2
10021,1,-0.029,2
10022,1,-0.795,2
10023,1,1.127,3
10024,1,0.593,2
10025,1,-1.903,2
10026,1,-0.795,2
10027,1,1.27,3
10028,1,0.988,3
10029,1,0.988,3
10030,1,1.42,3
10031,1,-0.661,2
10032,1,0.094,2
10033,1,0.722,3
10034,1,-2.336,2
10035,1,0.217,2
10036,1,0.854,2
10037,1,0.717,3
10038,1,-1.074,2
10039,1,-0.278,2
10040,1,0.094,3
10041,1,1.27,2
10042,1,1.576,3
10043,1,-0.932,2
10044,1,0.342,3
10045,1,-0.278,2
10046,1,0.217,2
10047,1,0.988,3
10048,1,-0.278,2
10049,1,-0.404,3
10050,1,0.342,3
10051,1,0.593,2
10052,1,-0.404,2
10053,1,1.42,2
10054,1,0.217,2
10055,1,0.217,3
10056,1,-0.665,3
10057,1,-0.661,2
10058,1,-0.347,3
10059,1,-0.404,2
10060,1,-0.531,3
10061,1,1.27,3
10062,1,1.741,3
10063,1,-0.404,2
10064,1,0.094,2
10065,1,-0.278,2
10066,1,0.593,3
10067,1,-1.222,2
10068,1,-0.404,2
10069,1,0.593,3
10070,1,0.854,2
10071,1,0.217,2
10072,1,-0.153,2
10073,1,0.722,3
10074,1,-0.029,2
10075,1,0.722,3
10076,1,1.27,2
10077,1,-0.531,2
10078,1,1.127,3
10079,1,-0.404,2
10080,1,1.741,3
10081,1,-1.222,2
10082,1,0.217,2
10083,1,-0.531,3
10084,1,1.42,3
10085,1,0.722,3
10086,1,-0.029,2
10087,1,1.127,3
10088,1,0.854,2
10089,1,1.27,3
10090,1,-1.377,2
10091,1,-0.029,2
10092,1,-1.074,2
10093,1,0.854,3
10094,1,-0.661,2
10095,1,-0.531,3
10096,1,-1.54,2
10097,1,0.467,2
10098,1,-0.278,3
10099,1,0.342,2
10100,1,0.467,2
10101,1,0.593,3
10102,1,-1.377,2
10103,1,-0.531,2
10104,1,-0.278,3
10105,1,-1.074,2
10106,1,1.127,2
10107,1,0.467,2
10108,1,0.342,3
10109,1,1.27,2
10110,1,0.342,3
10111,1,0.722,2
10112,1,0.988,3
10113,1,-0.531,2
10114,1,0.342,2
10115,1,-0.029,2
10116,1,0.593,2
10117,1,0.217,2
10118,1,-0.153,3
10119,1,0.342,2
10120,1,-5.278,3
10121,1,0.593,3
10122,1,0.988,2
10123,1,-0.661,3
10124,1,0.988,3
10125,1,-0.278,2
10126,1,-0.932,2
10127,1,0.988,3
10128,1,-0.932,3
10129,1,-0.029,3
10130,1,0.854,3
10131,1,-0.153,3
10132,1,0.651,3
10133,1,-0.153,2
10134,1,-0.531,3
10135,1,1.27,3
10136,1,-0.531,2
10137,1,-1.074,2
10138,1,1.741,2
10139,1,0.342,3
10140,1,-0.404,3
10141,1,0.217,2
10142,1,-0.404,2
10143,1,-0.661,2
10144,1,1.42,3
10145,1,0.342,2
10146,1,-0.029,3
10147,1,-0.278,3
10148,1,0.217,2
10149,1,0.342,2
10150,1,0.988,2
10151,1,0.094,2
10152,1,0.467,2
10153,1,2.104,2
10154,1,-0.531,2
10155,1,0.467,2
10156,1,-0.153,2
10157,1,0.094,2
10158,1,-0.404,2
10159,1,0.651,3
10160,1,2.53,3
10161,1,-0.404,2
10162,1,0.467,3
10163,1,-1.377,2
10164,1,0.217,2
10165,1,0.467,2
10166,1,-0.029,2
10167,1,0.854,3
10168,1,-0.029,2
10169,1,-0.531,2
10170,1,-0.153,2
10171,1,0.467,2
10172,1,0.722,3
10173,1,-0.555,3
10174,1,0.854,2
10175,1,0.467,3
10176,1,0.467,3
10177,1,0.722,2
10178,1,-0.278,3
10179,1,-0.404,2
10180,1,-0.278,3
10181,1,-1.222,2
10182,1,-1.074,2
10183,1,-0.404,3
10184,1,-0.795,3
10185,1,1.576,3
10186,1,-0.661,3
10187,1,-0.029,3
10188,1,0.593,3
10189,1,-0.932,2
10190,1,1.42,3
10191,1,-0.932,3
10192,1,0.342,3
10193,1,-0.661,2
10194,1,0.988,2
10195,1,0.217,2
10196,1,-0.795,2
10197,1,-0.153,2
10198,1,-0.661,2
10199,1,0.988,3
10200,1,0.094,2
10201,1,0.217,3
10202,1,-0.531,2
10203,1,1.576,3
10204,1,1.42,3
10205,1,1.576,3
10206,1,0.722,3
10207,1,0.342,2
10208,1,-0.278,2
10209,1,-0.661,2
10210,1,-0.404,2
10211,1,0.217,2
10212,1,-0.278,3
10213,1,0.467,2
10214,1,1.42,3
10215,1,0.217,2
10216,1,0.094,2
10217,1,-0.795,2
10218,1,0.854,3
10219,1,0.854,3
10220,1,0.988,2
10221,1,-0.153,2
10222,1,-0.531,2
10223,1,0.094,2
10224,1,0.342,2
10225,1,-0.531,3
10226,1,0.217,3
10227,1,0.593,3
10228,1,0.094,2
10229,1,0.094,2
10230,1,-0.278,3
10231,1,-1.222,2
10232,1,0.217,2
10233,1,-0.404,2
10234,1,-1.222,2
10235,1,-0.153,2
10236,1,0.342,3
10237,1,1.916,3
10238,1,0.467,2
10239,1,-0.932,2
10240,1,0.217,2
10241,1,-0.661,2
10242,1,-0.661,2
10243,1,-0.029,2
10244,1,-0.278,2
10245,1,0.342,3
10246,1,-0.153,2
10247,1,1.127,3
10248,1,0.217,3
10249,2,-1.075,2
10250,2,-0.283,2
10251,2,-2.271,3
10252,2,0.536,2
10253,2,-0.676,2
10254,2,-2.271,2
10255,2,-1.639,3
10256,2,-0.152,2
10257,2,0.253,3
10258,2,-1.351,3
10259,2,0.253,3
10260,2,-0.152,3
10261,2,-0.019,3
10262,2,-0.283,2
10263,2,-0.545,3
10264,2,-0.414,2
10265,2,-0.808,3
10266,2,-1.639,3
10267,2,-0.152,3
10268,2,-1.075,3
10269,2,-0.941,3
10270,2,-1.351,3
10271,2,-0.808,3
10272,2,-0.941,2
10273,2,-2.828,2
10274,2,-0.676,2
10275,2,0.116,3
10276,2,-0.152,2
10277,2,-0.414,3
10278,2,-0.997,2
10279,2,-1.943,2
10280,2,0.536,3
10281,2,-0.676,3
10282,2,-2.828,2
10283,2,-0.414,2
10284,2,-1.493,2
10285,2,-2.104,2
10286,2,-0.414,3
10287,2,-1.639,2
10288,2,-1.493,2
10289,2,-1.493,3
10290,2,-0.545,2
10291,2,-0.676,2
10292,2,-0.545,3
10293,2,-0.676,3
10294,2,-0.019,3
10295,2,-1.075,3
10296,2,-0.283,3
10297,2,-2.104,2
10298,2,-0.283,2
10299,2,-1.943,2
10300,2,-0.545,2
10301,2,-2.104,2
10302,2,-2.631,2
10303,2,-1.789,2
10304,2,-2.104,2
10305,2,-1.493,2
10306,2,0.536,3
10307,2,-0.808,2
10308,2,-0.941,2
10309,2,-1.493,2
10310,2,-1.075,2
10311,2,-0.941,3
10312,2,-1.789,2
10313,2,-0.941,3
10314,2,-1.639,2
10315,2,-0.545,3
10316,2,-0.019,3
10317,2,-0.808,2
10318,2,-0.414,3
10319,2,-1.789,2
10320,2,-0.019,3
10321,2,-2.446,3
10322,2,-0.545,3
10323,2,-2.271,2
10324,2,-0.808,2
10325,2,-1.789,2
10326,2,-1.493,2
10327,2,-0.019,3
10328,2,-2.446,2
10329,2,-1.493,3
10330,2,-1.075,3
10331,2,0.116,3
10332,2,-1.493,2
10333,2,-0.808,2
10334,2,-1.351,2
10335,2,-0.545,3
10336,2,-1.493,2
10337,2,-1.075,2
10338,2,-0.941,2
10339,2,-1.212,2
10340,2,-1.943,2
10341,2,-1.789,2
10342,2,-0.676,2
10343,2,-1.075,3
10344,2,-0.283,2
10345,2,-1.943,2
10346,2,-1.493,2
10347,2,-1.351,3
10348,2,-0.414,3
10349,2,-0.283,2
10350,2,-0.676,3
10351,2,-0.414,2
10352,2,-2.631,2
10353,2,-0.545,3
10354,2,-1.493,2
10355,2,-0.676,2
10356,2,-0.414,3
10357,2,-1.075,2
10358,2,-2.271,3
10359,2,-1.943,2
10360,2,-0.545,2
10361,2,-0.676,2
10362,2,-0.941,2
10363,2,-0.283,2
10364,2,-0.019,3
10365,2,-0.676,3
10366,2,-2.271,2
10367,2,-1.493,3
10368,2,-1.075,2
10369,2,-1.075,2
10370,2,-2.271,2
10371,2,-2.271,2
10372,2,-0.414,2
10373,2,-0.414,3
10374,2,-0.019,2
10375,2,-2.104,2
10376,2,-1.212,2
10377,2,-1.212,2
10378,2,-1.493,2
10379,2,-0.152,3
10380,2,-0.545,3
10381,2,-0.676,2
10382,2,-0.808,3
10383,2,-0.941,2
10384,2,-0.676,2
10385,2,-1.789,2
10386,2,-0.414,3
10387,2,-0.941,3
10388,2,-1.212,2
10389,2,-1.351,3
10390,2,0.685,3
10391,2,0.253,2
10392,2,-1.789,2
10393,2,-1.639,3
10394,2,-1.943,2
10395,2,-1.493,2
10396,2,-0.545,2
10397,2,-0.283,2
10398,2,-1.493,2
10399,2,-1.147,3
10400,2,-1.351,2
10401,2,-1.943,2
10402,2,-0.676,2
10403,2,-2.104,3
10404,2,-0.414,2
10405,2,0.393,3
10406,2,1.543,2
10407,2,-2.828,2
10408,2,-0.019,3
10409,2,-1.639,3
10410,2,-1.212,3
10411,2,-1.493,3
10412,2,-1.943,2
10413,2,0.393,2
10414,2,-0.545,2
10415,2,-0.941,2
10416,2,-1.351,2
10417,2,0.536,3
10418,2,-1.351,2
10419,2,-1.351,3
10420,2,-1.639,3
10421,2,-0.808,2
10422,2,-1.493,2
10423,2,-1.212,3
10424,2,-0.808,2
10425,2,-1.493,2
10426,2,-2.104,2
10427,2,-0.414,3
10428,2,-0.414,3
10429,2,-0.676,3
10430,2,-1.351,2
10431,2,-1.943,2
10432,2,-0.808,2
10433,2,-1.639,2
10434,2,-0.941,2
10435,2,-0.414,2
10436,2,-1.639,2
10437,2,-0.941,2
10438,2,-0.545,2
10439,2,-0.414,2
10440,2,-0.676,2
10441,2,-1.351,2
10442,2,-0.545,3
10443,2,0.393,2
10444,2,-1.493,2
10445,2,-1.493,3
10446,2,-1.351,2
10447,2,-0.808,3
10448,2,-1.351,2
10449,2,-0.941,3
10450,2,-1.639,3
10451,2,-1.943,2
10452,2,-1.351,2
10453,2,-1.493,2
10454,2,-0.545,2
10455,2,-0.283,3
10456,2,-0.545,2
10457,2,-0.283,3
10458,2,-0.152,2
10459,2,-0.676,3
10460,2,-2.271,2
10461,2,1.543,2
10462,2,-1.212,3
10463,2,-1.351,3
10464,2,-0.019,2
10465,2,0.253,3
10466,2,-1.351,2
10467,2,-1.493,3
10468,2,-1.351,2
10469,2,-0.019,3
10470,2,-0.941,2
10471,2,-0.808,2
10472,2,-0.414,3
10473,2,-0.808,2
10474,2,-0.545,3
10475,2,-0.676,2
10476,2,-0.019,3
10477,2,-1.351,3
10478,2,0.685,3
10479,2,-0.019,3
10480,2,-1.212,2
10481,2,-0.283,3
10482,2,-1.493,2
10483,2,-0.545,2
10484,2,-0.808,2
10485,2,-0.019,3
10486,2,-1.075,2
10487,2,-1.212,2
10488,2,-0.808,3
10489,2,-0.545,2
10490,2,-0.808,2
10491,2,-0.808,3
10492,2,-1.212,3
10493,2,-0.808,2
10494,2,-0.808,3
10495,2,-1.351,3
10496,2,-1.351,3
10497,2,0.536,3
10498,2,-0.676,3
10499,2,-2.104,3
10500,2,-3.04,3
10501,2,-0.152,2
10502,2,-2.271,2
10503,2,-1.351,3
10504,2,-1.493,2
10505,2,0.393,2
10506,2,-0.808,2
10507,2,-3.04,2
10508,2,-0.414,2
10509,2,-0.545,2
10510,2,-1.789,2
10511,2,-2.631,2
10512,2,-0.414,2
10513,2,0.393,3
10514,2,-0.941,3
10515,2,-0.545,2
10516,2,0.116,3
10517,2,-1.075,3
10518,2,-0.808,3
10519,2,-0.545,3
10520,2,0.393,3
10521,2,-0.941,2
10522,2,-1.493,2
10523,2,-2.631,3
10524,2,-0.152,3
10525,2,-1.075,3
10526,2,-0.941,2
10527,2,-1.351,2
10528,2,-1.351,2
10529,2,-1.639,2
10530,2,-0.283,3
10531,2,0.253,3
10532,2,-0.808,3
10533,2,-1.789,2
10534,2,0.393,2
10535,2,-0.414,3
10536,2,-2.5,2
10537,2,-1.943,2
10538,2,-1.943,2
10539,2,-1.943,2
10540,2,-1.351,2
10541,2,-0.676,3
10542,2,-1.212,2
10543,2,-1.351,3
10544,2,-1.351,3
10545,2,-0.941,3
10546,2,-1.493,2
10547,2,-1.639,3
10548,2,-0.941,3
10549,2,-0.152,2
10550,2,-1.351,2
10551,2,-0.676,3
10552,2,-0.808,3
10553,2,-2.271,3
10554,2,-1.639,2
10555,2,-1.943,3
10556,2,-1.789,2
10557,2,-0.019,2
10558,2,-0.152,3
10559,2,-0.283,3
10560,2,-2.446,2
10561,2,-1.075,2
10562,2,-0.941,2
10563,2,-1.493,3
10564,2,-1.943,2
10565,2,-0.941,2
10566,2,-1.212,2
10567,2,0.253,3
10568,2,-2.271,2
10569,2,-0.019,3
10570,2,-0.545,3
10571,2,-0.941,2
10572,2,-0.019,3
10573,3,-0.264,2
10574,3,-1.297,2
10575,3,-1.811,3
10576,3,-1.811,3
10577,3,-0.918,2
10578,3,-1.811,2
10579,3,-2.965,2
10580,3,-0.662,3
10581,3,-0.662,2
10582,3,-1.424,2
10583,3,-0.662,2
10584,3,1.042,3
10585,3,-1.552,3
10586,3,0.018,3
10587,3,-0.125,2
10588,3,-2.215,2
10589,3,-1.044,2
10590,3,-1.044,2
10591,3,-1.811,2
10592,3,-1.424,2
10593,3,1.042,3
10594,3,0.165,3
10595,3,-1.297,3
10596,3,-0.531,2
10597,3,-0.125,3
10598,3,-0.125,2
10599,3,-0.918,2
10600,3,0.32,3
10601,3,-0.918,2
10602,3,-1.552,2
10603,3,-1.171,3
10604,3,0.165,3
10605,3,-0.531,3
10606,3,-2.812,2
10607,3,-1.044,3
10608,3,-1.297,2
10609,3,-2.356,2
10610,3,0.655,3
10611,3,-2.356,2
10612,3,-1.171,2
10613,3,-0.662,2
10614,3,-2.805,2
10615,3,-1.811,2
10616,3,-1.68,2
10617,3,0.165,3
10618,3,-2.805,2
10619,3,-1.424,2
10620,3,-0.399,3
10621,3,-0.918,3
10622,3,-1.044,3
10623,3,-1.171,2
10624,3,0.32,3
10625,3,-0.531,2
10626,3,-1.297,3
10627,3,-1.552,2
10628,3,-0.79,2
10629,3,0.018,3
10630,3,0.32,3
10631,3,-1.68,2
10632,3,-2.356,2
10633,3,-1.68,2
10634,3,-1.297,3
10635,3,-1.68,2
10636,3,-1.552,2
10637,3,-1.424,3
10638,3,-1.044,2
10639,3,0.32,2
10640,3,-1.297,2
10641,3,-1.811,2
10642,3,-1.297,2
10643,3,0.018,3
10644,3,-1.044,3
10645,3,-0.79,2
10646,3,-0.79,2
10647,3,-0.531,2
10648,3,-2.356,2
10649,3,0.018,3
10650,3,-0.264,2
10651,3,-1.044,2
10652,3,0.482,3
10653,3,1.042,3
10654,3,-0.79,3
10655,3,-0.662,2
10656,3,-1.297,2
10657,3,0.018,3
10658,3,-1.811,2
10659,3,-0.953,2
10660,3,-0.264,3
10661,3,0.018,3
10662,3,-3.133,2
10663,3,-1.171,2
10664,3,-0.264,3
10665,3,-0.531,2
10666,3,0.018,3
10667,3,-1.811,2
10668,3,-1.171,2
10669,3,-0.918,2
10670,3,-1.297,2
10671,3,-1.552,2
10672,3,-1.171,2
10673,3,-0.264,3
10674,3,-2.215,2
10675,3,0.165,3
10676,3,-0.125,3
10677,3,-0.264,3
10678,3,-2.501,2
10679,3,-0.79,2
10680,3,-1.044,2
10681,3,0.655,3
10682,3,-0.918,2
10683,3,-1.424,2
10684,3,-1.044,3
10685,3,-1.044,3
10686,3,-0.531,2
10687,3,0.165,2
10688,3,-2.356,2
10689,3,-0.264,3
10690,3,-0.79,3
10691,3,-0.531,3
10692,3,-1.297,3
10693,3,0.018,3
10694,3,-0.531,2
10695,3,-1.552,2
10696,3,0.165,3
10697,3,-1.044,2
10698,3,-0.125,3
10699,3,-0.531,3
10700,3,-1.171,2
10701,3,-0.531,3
10702,3,-0.264,2
10703,3,-1.68,2
10704,3,-1.297,3
10705,3,-2.215,2
10706,3,-0.918,3
10707,3,0.655,2
10708,3,-0.531,3
10709,3,-0.125,2
10710,3,-1.297,2
10711,3,-0.42,3
10712,3,-1.297,2
10713,3,0.018,3
10714,3,-1.552,2
10715,3,-1.171,2
10716,3,-1.68,2
10717,3,-1.044,2
10718,3,-1.68,2
10719,3,-1.171,2
10720,3,-0.531,3
10721,3,-1.044,2
10722,3,-0.125,2
10723,3,-1.424,3
10724,3,0.165,3
10725,3,-1.171,3
10726,3,-2.805,2
10727,3,-1.297,2
10728,3,-0.399,2
10729,3,-1.811,2
10730,3,-1.424,2
10731,3,-2.65,2
10732,3,-1.552,3
10733,3,-0.531,3
10734,3,0.165,2
10735,3,-2.215,2
10736,3,-1.044,2
10737,3,0.655,3
10738,3,-0.125,2
10739,3,-1.171,2
10740,3,-1.943,2
10741,3,-1.171,2
10742,3,-1.297,2
10743,3,-2.215,2
10744,3,-0.662,2
10745,3,-0.918,2
10746,3,-0.531,2
10747,3,0.165,3
10748,3,-2.805,2
10749,3,-0.79,2
10750,3,0.482,3
10751,3,-0.918,2
10752,3,-0.662,2
10753,3,-2.177,2
10754,3,-0.79,2
10755,3,-0.918,3
10756,3,-0.79,3
10757,3,-0.918,2
10758,3,-1.044,3
10759,3,-0.79,2
10760,3,-1.68,2
10761,3,0.018,3
10762,3,-1.044,3
10763,3,-1.044,3
10764,3,0.165,3
10765,3,-1.171,2
10766,3,-1.297,2
10767,3,-1.297,2
10768,3,0.84,3
10769,3,-0.79,2
10770,3,-1.171,2
10771,3,0.32,3
10772,3,-0.662,3
10773,3,-0.918,3
10774,3,-0.531,2
10775,3,-0.399,3
10776,3,-2.356,2
10777,3,-2.65,3
10778,3,-0.125,3
10779,3,0.018,3
10780,3,-1.811,2
10781,3,-2.078,2
10782,3,-0.662,2
10783,3,-3.133,2
10784,3,-0.399,2
10785,3,-1.552,2
10786,3,-1.171,2
10787,3,-0.662,3
10788,3,-1.68,3
10789,3,-0.918,3
10790,3,-0.125,3
10791,3,0.018,2
10792,3,-2.356,2
10793,3,-0.918,2
10794,3,-0.79,3
10795,3,-0.918,2
10796,3,-0.531,3
10797,3,-0.531,3
10798,3,-2.215,2
10799,3,-0.662,2
10800,4,0.342,3
10801,4,-0.13,3
10802,4,-0.059,3
10803,4,-0.758,3
10804,4,-2.069,2
10805,4,-0.498,3
10806,4,-0.251,2
10807,4,0.946,3
10808,4,-0.13,2
10809,4,-2.294,3
10810,4,0.946,3
10811,4,-1.865,2
10812,4,0.579,3
10813,4,-0.498,2
10814,4,-0.011,2
10815,4,-0.373,2
10816,4,-1.338,2
10817,4,-0.373,2
10818,4,-0.307,2
10819,4,-0.251,3
10820,4,0.107,2
10821,4,-1.183,2
10822,4,-0.626,2
10823,4,-1.677,2
10824,4,-0.626,3
10825,4,-1.133,2
10826,4,-0.373,2
10827,4,1.073,3
10828,4,-0.373,2
10829,4,0.342,3
10830,4,-1.183,2
10831,4,0.699,2
10832,4,-0.373,2
10833,4,0.107,2
10834,4,-0.498,3
10835,4,-1.035,2
10836,4,-0.251,2
10837,4,0.304,3
10838,4,-0.251,3
10839,4,-0.894,2
10840,4,-0.373,2
10841,4,0.224,3
10842,4,-1.827,2
10843,4,0.107,2
10844,4,1.205,2
10845,4,-1.291,2
10846,4,-0.251,2
10847,4,0.224,3
10848,4,1.483,3
10849,4,-0.7,2
10850,4,-0.251,3
10851,4,-0.566,2
10852,4,-1.677,2
10853,4,-0.498,2
10854,4,1.205,3
10855,4,-0.251,3
10856,4,-1.183,2
10857,4,-2.069,2
10858,4,-0.011,2
10859,4,0.699,3
10860,4,0.107,3
10861,4,-0.894,2
10862,4,0.821,3
10863,4,-0.059,2
10864,4,-0.838,2
10865,4,-0.626,2
10866,4,-0.251,2
10867,4,-0.894,2
10868,4,-1.338,2
10869,4,-1.035,2
10870,4,0.107,3
10871,4,-1.035,2
10872,4,-1.035,2
10873,4,-1.338,2
10874,4,-0.498,2
10875,4,-0.894,3
10876,4,0.821,3
10877,4,-0.251,2
10878,4,-1.338,3
10879,4,-1.035,2
10880,4,0.224,3
10881,4,1.073,3
10882,4,0.342,2
10883,4,0.699,2
10884,4,-0.011,3
10885,4,0.946,2
10886,4,-0.626,2
10887,4,0.545,3
10888,4,-0.13,2
10889,4,0.304,3
10890,4,-1.338,3
10891,4,0.946,3
10892,4,0.342,3
10893,4,-0.251,2
10894,4,-1.183,2
10895,4,-1.827,2
10896,4,-2.069,2
10897,4,-0.13,3
10898,4,-0.498,2
10899,4,-1.183,2
10900,4,-0.566,2
10901,4,-1.183,2
10902,4,0.946,2
10903,4,-0.373,3
10904,4,0.224,3
10905,4,-0.251,2
10906,4,-0.498,3
10907,4,-0.626,2
10908,4,-0.626,2
10909,4,0.224,3
10910,4,-0.251,2
10911,4,-0.011,3
10912,4,-1.035,2
10913,4,-0.011,3
10914,4,-0.498,2
10915,4,1.341,2
10916,4,-0.011,2
10917,4,-1.502,2
10918,4,-0.373,2
10919,4,2.134,3
10920,4,-1.035,2
10921,4,-0.626,3
10922,4,-0.373,2
10923,4,-0.307,2
10924,4,-0.758,2
10925,4,0.821,2
10926,4,0.46,3
10927,4,0.107,2
10928,4,-0.13,3
10929,4,-0.758,3
10930,4,-0.894,2
10931,4,-0.838,2
10932,4,-1.133,3
10933,4,0.342,2
10934,4,-0.13,2
10935,4,-0.498,2
10936,4,-0.626,2
10937,4,-0.566,2
10938,4,-0.13,2
10939,4,-0.251,2
10940,4,-0.838,2
10941,4,-0.758,2
10942,4,-1.183,2
10943,4,-0.251,2
10944,4,-0.894,3
10945,4,-1.338,2
10946,4,0.342,3
10947,4,-1.035,2
10948,4,-0.498,2
10949,4,0.342,3
10950,4,-2.294,2
10951,4,-0.498,2
10952,4,0.342,3
10953,4,-0.983,2
10954,4,-0.251,2
10955,4,1.955,2
10956,4,-1.035,2
10957,4,-0.373,3
10958,4,1.073,3
10959,4,0.342,3
10960,4,0.028,3
10961,4,-0.894,2
10962,4,0.946,3
10963,4,-0.894,3
10964,4,-1.035,2
10965,4,-0.498,2
10966,4,0.579,3
10967,4,-0.13,3
10968,4,0.579,3
10969,4,-0.498,2
10970,4,-0.13,2
10971,4,-0.626,3
10972,4,0.699,2
10973,4,-0.435,3
10974,4,0.224,3
10975,4,-0.894,2
10976,4,-0.251,2
10977,4,0.46,2
10978,4,-1.035,2
10979,4,-0.498,3
10980,4,0.946,3
10981,4,-0.13,2
10982,4,-1.502,2
10983,4,0.224,3
10984,4,-0.894,3
10985,4,1.631,3
10986,4,-0.373,3
10987,4,1.073,3
10988,4,-1.502,2
10989,4,0.342,2
10990,4,-0.626,2
10991,4,-1.502,3
10992,4,-0.13,3
10993,4,0.699,3
10994,4,-0.498,2
10995,4,-0.435,2
10996,4,-0.251,3
10997,4,0.224,3
10998,4,-0.13,3
10999,4,-0.251,2
11000,4,-0.894,2
11001,4,-0.498,3
11002,4,0.224,3
11003,4,-0.251,2
11004,4,-0.894,3
11005,4,0.946,3
11006,4,0.946,3
11007,4,-0.258,3
11008,4,-0.626,2
11009,4,-1.035,3
11010,4,1.169,3
11011,4,0.46,3
11012,4,-0.13,2
11013,4,0.579,3
11014,4,-0.13,3
11015,4,-0.626,2
11016,4,-0.626,2
11017,4,0.224,3
11018,4,-0.894,2
11019,4,-0.758,2
11020,4,0.579,3
11021,4,-0.7,3
11022,4,0.107,2
11023,4,-0.838,3
11024,4,1.483,3
11025,4,-0.983,3
11026,4,0.342,2
11027,4,-0.566,3
11028,4,0.821,2
11029,4,-0.13,3
11030,4,0.107,2
11031,4,0.46,2
11032,4,-0.498,2
11033,4,-0.498,3
11034,4,-1.133,2
11035,4,0.579,3
11036,4,-1.035,2
11037,4,-0.13,2
11038,4,1.205,3
11039,4,-0.251,2
11040,5,-1.776,2
11041,5,-1.031,2
11042,5,-0.915,2
11043,5,-0.915,2
11044,5,-1.391,3
11045,5,-0.684,2
11046,5,-0.568,3
11047,5,-2.056,2
11048,5,-0.098,2
11049,5,-1.776,2
11050,5,0.024,3
11051,5,-0.098,3
11052,5,-1.149,2
11053,5,-1.597,2
11054,5,-1.031,2
11055,5,0.15,2
11056,5,-1.776,2
11057,5,-0.915,2
11058,5,-0.684,2
11059,5,-2.722,3
11060,5,0.15,2
11061,5,0.698,3
11062,5,-1.643,3
11063,5,-1.031,3
11064,5,-0.098,3
11065,5,-1.391,2
11066,5,-0.336,3
11067,5,-0.799,3
11068,5,-0.285,3
11069,5,-1.776,2
11070,5,-1.269,2
11071,5,-2.207,2
11072,5,0.552,2
11073,5,-0.336,3
11074,5,-0.452,3
11075,5,-0.915,2
11076,5,-0.684,2
11077,5,-1.776,2
11078,5,-1.515,2
11079,5,-1.269,2
11080,5,-1.515,2
11081,5,0.279,3
11082,5,-0.684,3
11083,5,-2.056,2
11084,5,-1.391,3
11085,5,-1.269,2
11086,5,-1.269,2
11087,5,-0.098,3
11088,5,-0.218,3
11089,5,-2.056,2
11090,5,-1.833,2
11091,5,0.279,3
11092,5,-0.799,3
11093,5,-0.218,3
11094,5,-3.721,2
11095,5,-1.269,2
11096,5,-2.207,2
11097,5,-1.913,2
11098,5,-0.452,3
11099,5,-1.149,3
11100,5,-1.031,2
11101,5,-1.913,2
11102,5,0.279,2
11103,5,-0.452,3
11104,5,-0.799,2
11105,5,-0.452,2
11106,5,-1.391,3
11107,5,-0.684,3
11108,5,-1.031,2
11109,5,-1.515,3
11110,5,0.024,2
11111,5,-1.643,2
11112,5,-0.098,3
11113,5,-1.643,2
11114,5,-1.269,2
11115,5,0.024,3
11116,5,-1.149,2
11117,5,-2.056,2
11118,5,-1.149,2
11119,5,-0.568,2
11120,5,2.137,3
11121,5,-1.391,2
11122,5,-0.098,2
11123,5,-1.913,2
11124,5,-0.915,3
11125,5,-1.031,2
11126,5,-0.218,3
11127,5,-0.218,3
11128,5,0.279,3
11129,5,-1.391,3
11130,5,-2.367,2
11131,5,-1.149,2
11132,5,-1.913,2
11133,5,-0.684,3
11134,5,-1.149,3
11135,5,-2.056,2
11136,5,-2.056,2
11137,5,-1.031,3
11138,5,-1.643,3
11139,5,-2.924,2
11140,5,0.024,3
11141,5,-3.15,2
11142,5,-2.722,2
11143,5,-0.684,2
11144,5,-1.391,2
11145,5,-0.799,3
11146,5,-0.915,3
11147,5,-0.915,2
11148,5,-2.056,2
11149,5,-0.684,3
11150,5,-1.149,3
11151,5,-1.269,2
11152,5,-0.799,3
11153,5,-1.515,2
11154,5,-1.776,2
11155,5,0.552,3
11156,5,-0.336,3
11157,5,0.024,3
11158,5,-1.515,2
11159,5,1.393,3
11160,5,-0.452,3
11161,5,-1.269,2
11162,5,-0.336,2
11163,5,-1.643,2
11164,5,-2.537,3
11165,5,-2.537,2
11166,5,-1.643,2
11167,5,-1.149,2
11168,5,-1.391,2
11169,5,-1.776,2
11170,5,-0.684,2
11171,5,-1.643,2
11172,5,-0.799,2
11173,5,-0.684,2
11174,5,-1.643,2
11175,5,-1.149,2
11176,5,-2.722,2
11177,5,-1.643,2
11178,5,0.552,3
11179,5,-1.913,2
11180,5,-0.218,3
11181,5,-1.149,3
11182,5,-0.799,3
11183,5,-1.776,2
11184,5,-1.391,2
11185,5,-1.913,2
11186,5,-1.031,2
11187,5,-1.031,3
11188,5,-1.391,3
11189,5,-0.684,3
11190,5,-1.643,2
11191,5,-1.031,2
11192,5,-2.924,3
11193,5,-1.643,2
11194,5,-0.684,2
11195,5,0.024,3
11196,5,-0.568,3
11197,5,-1.031,2
11198,5,-0.218,3
11199,5,-1.031,3
11200,5,-1.031,2
11201,5,-1.031,2
11202,5,-1.776,2
11203,5,-1.031,3
11204,5,-1.776,2
11205,5,-1.031,3
11206,5,-0.218,3
11207,5,-1.776,2
11208,5,-1.643,2
11209,5,-1.149,3
11210,5,-3.411,3
11211,5,-1.913,2
11212,5,-0.684,2
11213,5,-1.269,2
11214,5,0.413,2
11215,5,-1.515,2
11216,5,-0.684,2
11217,5,-1.149,2
11218,5,-1.031,3
11219,5,-1.031,3
11220,5,-1.031,3
11221,5,-1.515,3
11222,5,-0.336,2
11223,5,-1.269,2
11224,5,-0.568,3
11225,5,-1.269,3
11226,5,-1.269,3
11227,5,-2.367,2
11228,5,-3.15,2
11229,5,-0.799,3
11230,5,0.552,3
11231,5,-0.218,3
11232,5,-0.799,3
11233,5,-2.924,2
11234,5,-1.031,2
11235,5,-1.031,2
11236,5,-0.452,3
11237,5,-0.684,3
11238,5,-0.915,2
11239,5,-0.218,2
11240,5,-2.537,3
11241,5,-1.913,2
11242,5,-1.031,2
11243,5,-0.568,3
11244,5,-1.643,3
11245,5,-1.643,2
11246,5,-2.056,2
11247,5,-1.776,2
11248,5,-1.149,2
11249,5,-1.515,3
11250,5,-1.149,3
11251,5,-1.643,2
11252,5,-0.684,2
11253,5,-0.452,2
11254,5,-1.643,2
11255,5,-1.776,2
11256,5,-1.391,2
11257,5,-1.269,2
11258,5,-2.207,2
11259,5,-1.515,2
11260,5,-0.098,2
11261,5,-0.915,2
11262,5,-2.722,2
11263,5,-1.515,2
11264,5,-1.031,2
11265,5,-0.799,3
11266,5,-1.776,2
11267,5,-2.367,2
11268,5,-0.684,3
11269,5,-2.924,2
11270,5,-0.915,3
11271,5,-1.776,2
11272,5,-0.568,3
11273,5,-1.515,3
11274,5,-0.025,3
11275,5,-1.515,2
11276,5,-0.915,2
11277,5,-1.391,2
11278,5,-0.336,3
11279,5,-1.515,3
11280,5,-2.056,2
11281,5,-1.515,2
11282,5,-1.776,2
11283,5,-1.913,3
11284,5,-0.684,2
11285,5,-0.684,3
11286,5,-1.391,2
11287,5,0.698,3
11288,5,-1.269,2
11289,5,-1.515,2
11290,5,-1.269,3
11291,5,-0.568,2
11292,5,-2.207,2
11293,5,-0.336,2
11294,5,-0.799,3
11295,5,-2.207,2
11296,5,-2.056,2
11297,5,0.853,3
11298,5,-0.957,3
11299,5,-0.799,3
11300,5,-2.207,3
11301,5,-2.207,2
11302,5,-1.833,2
11303,5,-0.915,3
11304,5,-1.776,2
11305,5,-0.684,3
11306,5,-0.684,2
11307,5,-1.776,3
11308,5,-1.269,3
11309,5,-0.799,3
11310,5,-0.568,3
11311,5,-0.799,3
11312,5,-0.098,3
11313,5,-1.515,3
11314,5,-1.031,2
11315,5,-1.149,3
11316,5,-0.915,3
11317,5,-0.915,2
11318,5,-2.347,3
11319,5,-0.684,2
11320,5,-1.913,2
11321,5,-1.515,2
11322,5,-1.031,3
11323,5,-0.218,2
11324,5,-0.218,2
11325,5,-1.391,2
11326,5,-1.031,2
11327,5,-0.218,3
11328,5,-1.515,3
11329,5,-0.568,2
11330,5,-1.031,3
11331,5,-0.452,3
11332,5,-0.799,3
11333,5,-0.452,3
11334,5,-1.391,2
11335,5,-0.684,2
11336,5,-1.643,2
11337,5,0.15,3
11338,5,0.552,2
11339,5,-0.684,3
11340,5,-1.391,3
11341,5,-2.207,2
11342,5,-0.799,2
11343,5,-0.218,3
11344,5,-0.568,2
11345,5,-1.149,2
11346,5,-1.269,2
11347,5,-2.207,2
11348,5,-1.149,3
11349,5,-1.913,2
11350,5,-2.537,2
11351,5,-1.031,2
11352,5,-2.056,2
11353,6,-1.844,2
11354,6,-2.317,2
11355,6,-1.735,2
11356,6,-1.421,2
11357,6,-1.74,2
11358,6,-0.494,3
11359,6,-3.293,2
11360,6,-3.293,2
11361,6,-1.956,3
11362,6,-2.742,2
11363,6,-2.742,2
11364,6,-1.844,3
11365,6,-3.088,2
11366,6,-0.152,3
11367,6,-0.152,2
11368,6,-1.117,3
11369,6,-1.956,2
11370,6,-0.384,3
11371,6,-1.319,2
11372,6,-2.192,3
11373,6,-2.192,2
11374,6,-2.906,2
11375,6,-2.317,3
11376,6,-2.906,2
11377,6,-2.45,3
11378,6,-2.591,2
11379,6,-2.45,2
11380,6,-1.629,3
11381,6,-0.602,2
11382,6,0.377,2
11383,6,-3.088,2
11384,6,-1.319,2
11385,6,-1.956,3
11386,6,-1.319,3
11387,6,-1.956,3
11388,6,0.233,3
11389,6,-1.735,3
11390,6,-1.844,2
11391,6,-1.421,2
11392,6,-1.735,2
11393,6,-1.629,3
11394,6,-0.152,3
11395,6,-0.811,3
11396,6,-2.317,2
11397,6,-0.494,3
11398,6,-0.384,2
11399,6,-2.906,2
11400,6,-2.742,2
11401,6,-2.742,2
11402,6,0.53,3
11403,6,-1.844,3
11404,6,-2.192,2
11405,6,-2.003,3
11406,6,-2.742,2
11407,6,0.377,2
11408,6,-1.052,3
11409,6,-1.956,2
11410,6,-1.319,3
11411,6,-0.494,2
11412,6,-0.914,2
11413,6,-2.317,3
11414,6,-2.836,3
11415,6,-0.494,3
11416,6,-1.844,3
11417,6,-1.735,3
11418,6,-2.317,2
11419,6,0.098,3
11420,6,-1.524,2
11421,6,-1.421,2
11422,6,-2.317,3
11423,6,-0.914,3
11424,6,-1.629,2
11425,6,-3.088,3
11426,6,-2.192,2
11427,6,-1.956,2
11428,6,-0.602,2
11429,6,-2.591,2
11430,6,0.53,2
11431,6,-3.088,2
11432,6,-1.524,3
11433,6,-2.45,2
11434,6,-2.072,3
11435,6,-0.602,3
11436,6,-1.956,2
11437,6,-2.317,3
11438,6,-1.735,2
11439,6,-0.811,3
11440,6,-1.956,2
11441,6,-2.906,3
11442,6,-2.317,2
11443,6,-2.45,2
11444,6,-1.956,3
11445,6,-1.735,3
11446,6,-2.45,2
11447,6,-2.317,3
11448,6,-1.844,2
11449,6,0.881,3
11450,6,-2.45,3
11451,6,-0.914,2
11452,6,-1.735,2
11453,6,-1.956,2
11454,6,-2.591,2
11455,6,-2.317,3
11456,6,-0.602,3
11457,6,-0.914,2
11458,6,-2.457,2
11459,6,-1.117,2
11460,6,-2.317,2
11461,6,-2.192,2
11462,6,-2.192,2
11463,6,-1.117,2
11464,6,0.881,2
11465,6,-0.602,2
11466,6,-2.45,2
11467,6,-1.117,3
11468,6,-0.27,3
11469,6,-2.072,2
11470,6,-0.707,3
11471,6,-0.602,3
11472,6,-0.384,3
11473,6,-0.494,3
11474,6,-2.317,2
11475,6,-2.192,2
11476,6,-1.327,3
11477,6,-2.906,2
11478,6,0.233,3
11479,6,-1.844,3
11480,6,0.098,3
11481,6,-0.811,3
11482,6,-2.192,2
11483,6,-1.319,3
11484,6,-3.088,2
11485,6,-2.591,3
11486,6,-3.088,2
11487,6,-2.192,2
11488,6,-2.317,2
11489,6,-1.844,3
11490,6,-2.906,2
11491,6,-2.317,2
11492,6,-1.421,3
11493,6,-2.906,2
11494,6,-2.072,2
11495,6,-1.844,3
11496,6,-1.117,2
11497,6,0.098,2
11498,6,-2.742,2
11499,6,-2.591,2
11500,6,-2.317,2
11501,6,-0.494,3
11502,6,-1.524,3
11503,6,-2.906,2
11504,6,-2.742,2
11505,6,-3.82,2
11506,6,-3.531,2
11507,6,-2.742,2
11508,6,-1.319,3
11509,6,-2.45,2
11510,6,-2.192,2
11511,6,-2.45,2
11512,6,-1.956,2
11513,6,-2.317,2
11514,6,-2.192,2
11515,6,-1.319,3
11516,6,-1.505,3
11517,6,-1.956,3
11518,6,-0.004,2
11519,6,-1.016,2
11520,6,-1.629,2
11521,6,-0.602,2
11522,6,-1.421,3
11523,6,-1.218,3
11524,6,-1.524,3
11525,6,-2.072,2
11526,6,-1.319,2
11527,6,0.233,2
11528,6,-2.45,2
11529,6,-1.218,2
11530,6,-1.956,3
11531,6,-3.096,3
11532,6,-2.591,3
11533,6,-0.707,3
11534,6,-2.317,2
11535,6,-1.218,3
11536,6,-2.192,2
11537,6,-1.629,2
11538,6,-2.742,2
11539,6,-2.742,3
11540,6,-1.421,3
11541,6,-1.117,3
11542,6,-1.956,2
11543,6,-1.844,2
11544,6,-5.542,3
11545,6,-1.524,2
11546,6,-0.2,2
11547,6,-3.088,3
11548,6,-1.218,2
11549,6,-0.811,2
11550,6,-2.45,2
11551,6,-0.494,2
11552,6,-0.494,3
11553,6,0.233,3
11554,6,-1.016,3
11555,6,-1.956,2
11556,6,-1.319,3
11557,6,-1.117,3
11558,6,-2.906,2
11559,6,-0.707,2
11560,6,-0.494,2
11561,6,-5.542,3
11562,6,-1.524,3
11563,6,-1.735,3
11564,6,-0.152,3
11565,6,-2.591,2
11566,6,-2.072,2
11567,6,-0.811,3
11568,6,-2.072,2
11569,7,2.42,4
11570,7,0.6,5
11571,7,1.133,5
11572,7,0.6,5
11573,7,1.401,5
11574,7,1.959,6
11575,7,0.328,4
11576,7,0.6,5
11577,7,0.188,5
11578,7,0.328,4
11579,7,1.975,5
11580,7,0.465,5
11581,7,-0.1,4
11582,7,0.328,5
11583,7,1.959,6
11584,7,-0.566,4
11585,7,1.267,5
11586,7,-1.75,4
11587,7,0.328,4
11588,7,0.734,4
11589,7,0.6,4
11590,7,0.734,6
11591,7,1.675,5
11592,7,1.267,5
11593,7,0.188,4
11594,7,1.401,4
11595,7,1.815,4
11596,7,1.675,4
11597,7,1.133,6
11598,7,0.868,5
11599,7,0.046,6
11600,7,-0.25,5
11601,7,0.046,5
11602,7,1.267,6
11603,7,0.465,4
11604,7,-0.1,4
11605,7,1.959,5
11606,7,1,4
11607,7,1.52,5
11608,7,0.382,4
11609,7,0.734,4
11610,7,0.734,4
11611,7,1,5
11612,7,0.808,6
11613,7,1.537,4
11614,7,2.107,4
11615,7,1.133,4
11616,7,-0.1,5
11617,7,1.401,5
11618,7,1.52,4
11619,7,1.133,4
11620,7,1.232,6
11621,7,0.734,5
11622,7,1.675,5
11623,7,0.734,4
11624,7,-0.405,4
11625,7,0.734,6
11626,7,2.107,5
11627,7,1.815,5
11628,7,0.465,4
11629,7,2.261,5
11630,7,-0.1,6
11631,7,2.42,6
11632,7,0.046,4
11633,7,1.267,5
11634,7,-0.734,4
11635,7,0.525,6
11636,7,1.267,6
11637,7,0.734,5
11638,7,-0.734,4
11639,7,1.815,5
11640,7,1.537,5
11641,7,-0.405,4
11642,7,-0.1,4
11643,7,1.133,4
11644,7,0.238,5
11645,7,1.401,5
11646,7,-1.506,4
11647,7,-0.25,4
11648,7,0.734,6
11649,7,1.267,5
11650,7,0.6,4
11651,7,1.675,4
11652,7,1.133,6
11653,7,1.537,4
11654,7,0.734,4
11655,7,0.868,5
11656,7,0.868,4
11657,7,1.675,5
11658,7,0.6,5
11659,7,0.465,6
11660,7,0.328,4
11661,7,1.959,5
11662,7,1.267,4
11663,7,1.133,6
11664,7,0.328,4
11665,7,1.401,6
11666,7,1.267,5
11667,7,1,4
11668,7,1.401,6
11669,7,0.465,6
11670,7,1.401,5
11671,7,1.267,6
11672,7,1.133,6
11673,7,1.401,5
11674,7,0.6,5
11675,7,1.815,4
11676,7,-0.1,4
11677,7,1.537,6
11678,7,0.328,6
11679,7,1.537,5
11680,7,2.42,4
11681,7,0.328,4
11682,7,-1.506,4
11683,7,1.815,6
11684,7,1.815,4
11685,7,1.537,4
11686,7,2.261,6
11687,7,0.868,5
11688,7,0.734,6
11689,7,-0.25,4
11690,7,1.959,4
11691,7,0.188,4
11692,7,0.328,4
11693,7,0.465,4
11694,7,2.261,6
11695,7,0.188,4
11696,7,1.959,5
11697,7,1.133,4
11698,7,0.465,5
11699,7,1.537,4
11700,7,1.401,4
11701,7,-0.566,4
11702,7,1.401,5
11703,7,0.328,4
11704,7,1,5
11705,7,1.537,5
11706,7,1.133,5
11707,7,-0.25,4
11708,7,-0.25,4
11709,7,-0.25,5
11710,7,1,5
11711,7,0.868,4
11712,7,1,5
11713,7,-0.25,5
11714,7,1,5
11715,7,1.675,5
11716,7,0.046,4
11717,7,1.959,6
11718,7,1.267,5
11719,7,0.358,5
11720,7,1,5
11721,7,1.267,4
11722,7,1.815,5
11723,7,0.808,6
11724,7,0.734,4
11725,7,0.868,4
11726,7,1,5
11727,7,0.734,4
11728,7,1,6
11729,7,0.6,6
11730,7,1.537,4
11731,7,0.868,5
11732,7,1,5
11733,7,0.6,6
11734,7,2.42,6
11735,7,2.107,5
11736,7,1.133,5
11737,7,1,4
11738,7,1.267,4
11739,7,1.133,4
11740,7,-0.405,4
11741,7,2.261,4
11742,7,0.949,6
11743,7,1.815,6
11744,7,-0.1,4
11745,7,0.868,5
11746,7,0.868,4
11747,7,0.6,4
11748,7,1,5
11749,7,1.133,6
11750,7,0.734,5
11751,7,0.465,4
11752,7,1.133,5
11753,7,0.868,4
11754,7,1.267,5
11755,7,1,4
11756,7,0.188,5
11757,7,1.267,5
11758,7,1.959,6
11759,7,1.537,6
11760,7,0.734,6
11761,7,0.6,4
11762,7,0.868,4
11763,7,1.133,5
11764,7,1,6
11765,7,0.382,4
11766,7,1.815,5
11767,7,-0.405,6
11768,7,1.267,4
11769,7,1.133,5
11770,7,-0.25,4
11771,7,0.046,4
11772,7,1.537,5
11773,7,0.465,5
11774,7,0.734,4
11775,7,1,6
11776,7,-0.25,4
11777,7,1.267,5
11778,7,0.6,4
11779,7,1,5
11780,7,1.267,6
11781,7,1.675,4
11782,7,0.868,4
11783,7,1.537,5
11784,7,1.267,6
11785,7,1,4
11786,7,0.465,4
11787,7,0.188,5
11788,7,0.188,5
11789,7,1.401,6
11790,7,0.188,4
11791,7,1.267,5
11792,7,1.401,4
11793,7,0.6,5
11794,7,1.537,5
11795,7,-0.1,4
11796,7,0.465,4
11797,7,0.188,4
11798,7,1.401,5
11799,7,1.133,5
11800,7,0.808,6
11801,7,0.6,5
11802,7,-0.214,4
11803,7,1.133,5
11804,7,1.537,4
11805,7,1.537,4
11806,7,1,4
11807,7,0.465,4
11808,7,1.537,4
11809,7,1,4
11810,7,1.959,5
11811,7,0.328,6
11812,7,-0.1,4
11813,7,0.868,5
11814,7,1.675,5
11815,7,1.959,5
11816,7,2.261,6
11817,7,1.133,6
11818,7,-1.284,4
11819,7,1.133,4
11820,7,0.868,5
11821,7,-0.566,4
11822,7,0.328,4
11823,7,1.133,4
11824,7,0.188,6
11825,7,0.465,5
11826,7,0.868,4
11827,7,0.188,6
11828,7,1.401,5
11829,7,0.734,4
11830,7,0.328,4
11831,7,1.267,4
11832,7,1.401,4
11833,7,1.267,6
11834,7,1.537,4
11835,7,0.734,4
11836,7,1,5
11837,7,0.949,5
11838,7,1,5
11839,7,-1.522,4
11840,7,1.959,5
11841,7,0.328,5
11842,7,-0.25,4
11843,7,1.133,4
11844,7,1.815,4
11845,7,0.868,5
11846,7,1.959,5
11847,7,1.537,6
11848,7,-0.566,4
11849,7,2.588,6
11850,7,-0.25,6
11851,7,0.868,5
11852,7,0.091,6
11853,7,0.734,4
11854,7,1.133,6
11855,7,2.588,4
11856,7,1.133,4
11857,7,0.328,6
11858,7,1.675,4
11859,7,0.868,4
11860,7,0.6,5
11861,7,-0.405,4
11862,7,2.107,5
11863,7,0.734,4
11864,7,0.734,4
11865,7,0.6,4
11866,7,2.42,5
11867,7,0.525,5
11868,7,1.959,4
11869,7,-0.566,6
11870,7,0.328,4
11871,7,1.675,6
11872,8,0.799,5
11873,8,0.326,4
11874,8,0.326,4
11875,8,-0.029,5
11876,8,0.562,5
11877,8,0.326,4
11878,8,1.041,5
11879,8,-0.654,5
11880,8,-0.967,4
11881,8,0.326,4
11882,8,0.919,4
11883,8,1.166,5
11884,8,0.209,6
11885,8,-0.029,5
11886,8,-1.223,4
11887,8,-0.272,4
11888,8,0.209,6
11889,8,-0.029,5
11890,8,0.562,5
11891,8,0.444,4
11892,8,-0.029,6
11893,8,0.562,6
11894,8,0.326,5
11895,8,1.999,5
11896,8,0.562,4
11897,8,0.09,4
11898,8,0.68,4
11899,8,-0.15,6
11900,8,-0.654,4
11901,8,-1.921,5
11902,8,-0.524,4
11903,8,0.444,5
11904,8,-1.223,5
11905,8,0.444,5
11906,8,0.09,6
11907,8,0.68,4
11908,8,-0.788,4
11909,8,0.68,4
11910,8,0.09,6
11911,8,-0.654,4
11912,8,0.09,5
11913,8,1.166,6
11914,8,0.09,5
11915,8,0.444,6
11916,8,-0.524,5
11917,8,0.68,5
11918,8,0.68,6
11919,8,-0.15,4
11920,8,0.919,4
11921,8,-0.272,4
11922,8,-0.029,5
11923,8,-1.383,4
11924,8,0.326,5
11925,8,1.999,6
11926,8,0.209,4
11927,8,1.293,5
11928,8,0.444,5
11929,8,-1.552,4
11930,8,0.444,5
11931,8,1.166,6
11932,8,-0.272,5
11933,8,1.845,5
11934,8,0.919,6
11935,8,1.423,5
11936,8,-0.788,4
11937,8,0.209,5
11938,8,-0.029,4
11939,8,0.444,6
11940,8,0.09,5
11941,8,0.799,4
11942,8,0.799,4
11943,8,0.562,4
11944,8,0.444,6
11945,8,-1.383,4
11946,8,-0.524,4
11947,8,0.09,5
11948,8,1.166,4
11949,8,-0.029,6
11950,8,-0.654,4
11951,8,1.166,5
11952,8,0.888,6
11953,8,0.562,5
11954,8,1.041,4
11955,8,0.444,5
11956,8,1.558,5
11957,8,0.799,6
11958,8,0.562,5
11959,8,0.68,5
11960,8,0.562,5
11961,8,0.09,6
11962,8,0.562,5
11963,8,-0.788,5
11964,8,-0.927,4
11965,8,-0.788,4
11966,8,-0.397,4
11967,8,-0.524,4
11968,8,0.326,6
11969,8,-0.15,6
11970,8,1.041,5
11971,8,-0.272,4
11972,8,0.09,4
11973,8,0.444,5
11974,8,-0.15,4
11975,8,-0.927,4
11976,8,0.209,6
11977,8,1.293,6
11978,8,-1.383,4
11979,8,1.166,6
11980,8,0.562,4
11981,8,0.799,5
11982,8,0.562,4
11983,8,1.423,5
11984,8,-0.272,5
11985,8,0.68,6
11986,8,1.558,5
11987,8,1.166,5
11988,8,0.799,4
11989,8,-0.788,4
11990,8,0.444,5
11991,8,0.562,4
11992,8,0.09,6
11993,8,1.293,5
11994,8,-0.524,4
11995,8,1.293,5
11996,8,-0.397,5
11997,8,0.919,6
11998,8,0.444,4
11999,8,0.444,4
12000,8,1.166,5
12001,8,-0.788,5
12002,8,1.558,6
12003,8,1.558,6
12004,8,0.562,6
12005,8,-0.029,4
12006,8,0.209,6
12007,8,0.68,6
12008,8,0.68,5
12009,8,0.919,5
12010,8,0.09,5
12011,8,0.68,4
12012,8,-0.029,6
12013,8,-0.029,4
12014,8,-0.524,5
12015,8,0.326,5
12016,8,0.09,6
12017,8,0.68,5
12018,8,-1.223,4
12019,8,0.919,5
12020,8,-1.931,5
12021,8,0.09,4
12022,8,-0.654,4
12023,8,0.09,4
12024,8,-0.654,4
12025,8,-1.072,4
12026,8,0.919,4
12027,8,0.562,4
12028,8,0.326,4
12029,8,0.209,4
12030,8,1.423,5
12031,8,-1.383,4
12032,8,-0.788,6
12033,8,1.293,5
12034,8,0.209,4
12035,8,-0.029,4
12036,8,0.799,5
12037,8,0.444,4
12038,8,0.68,6
12039,8,0.444,4
12040,8,0.326,6
12041,8,0.209,4
12042,8,1.558,4
12043,8,0.562,5
12044,8,-0.029,4
12045,8,0.209,4
12046,8,0.68,5
12047,8,0.09,5
12048,8,-0.927,4
12049,8,1.558,5
12050,8,0.799,5
12051,8,1.041,4
12052,8,1.845,6
12053,8,-0.524,5
12054,8,0.68,5
12055,8,0.562,6
12056,8,1.845,5
12057,8,-1.072,4
12058,8,0.209,4
12059,8,0.326,4
12060,8,0.444,5
12061,8,-0.272,5
12062,8,-1.383,4
12063,8,0.562,4
12064,8,0.444,4
12065,8,0.68,4
12066,8,-0.524,5
12067,8,0.444,5
12068,8,-0.927,4
12069,8,0.799,6
12070,8,-0.272,6
12071,8,-0.788,5
12072,8,-0.654,4
12073,8,0.68,4
12074,8,0.562,6
12075,8,-0.029,5
12076,8,0.799,4
12077,8,1.166,5
12078,8,-0.397,6
12079,8,0.68,5
12080,8,1.845,4
12081,8,0.562,5
12082,8,-0.272,6
12083,8,-0.397,4
12084,8,0.919,5
12085,8,0.444,5
12086,8,1.293,4
12087,8,0.209,4
12088,8,1.558,5
12089,8,-0.927,4
12090,8,1.558,5
12091,8,0.209,6
12092,8,0.799,4
12093,8,-0.272,4
12094,8,1.293,6
12095,8,0.444,4
12096,8,-0.15,4
12097,8,0.919,5
12098,8,-0.397,5
12099,8,1.041,4
12100,8,-0.788,4
12101,8,-0.15,4
12102,8,-0.927,6
12103,8,0.68,4
12104,8,-0.524,4
12105,8,0.919,5
12106,8,0.209,5
12107,8,-0.15,6
12108,8,-0.788,5
12109,8,0.209,4
12110,8,0.444,4
12111,8,-0.029,4
12112,8,-0.524,4
12113,8,-0.272,4
12114,8,-0.029,6
12115,8,-0.927,4
12116,8,-0.654,4
12117,8,0.68,6
12118,8,-2.148,4
12119,8,0.799,4
12120,8,-0.029,5
12121,8,-0.524,4
12122,8,0.326,4
12123,8,0.326,6
12124,8,0.562,6
12125,8,1.293,6
12126,8,1.041,6
12127,8,0.326,5
12128,8,-1.072,4
12129,8,-0.927,4
12130,8,0.919,6
12131,8,1.293,5
12132,8,0.09,4
12133,8,-0.397,5
12134,8,0.444,5
12135,8,-0.15,4
12136,8,-0.029,4
12137,8,-0.524,6
12138,8,-0.524,4
12139,8,0.209,5
12140,8,1.041,4
12141,8,0.68,5
12142,8,1.041,6
12143,8,0.09,4
12144,8,2.342,6
12145,8,0.562,6
12146,8,-0.397,5
12147,8,-2.392,4
12148,8,1.166,4
12149,8,-0.524,4
12150,8,0.326,4
12151,8,1.999,6
12152,8,-0.15,5
12153,8,0.919,5
12154,8,-0.397,4
12155,8,1.423,5
12156,8,0.68,5
12157,8,-0.524,6
12158,8,-0.272,4
12159,8,0.09,4
12160,8,-0.029,5
12161,8,0.209,5
12162,8,1.166,6
12163,8,-2.673,4
12164,8,0.09,5
12165,8,-1.383,4
12166,8,-0.272,4
12167,8,-0.029,4
12168,8,0.562,4
12169,8,-0.029,6
12170,8,0.209,5
12171,8,0.68,5
12172,8,0.209,4
12173,8,0.799,4
12174,8,0.68,5
12175,8,-0.397,4
12176,8,0.799,5
12177,8,-0.15,5
12178,8,0.919,4
12179,8,-1.072,4
12180,8,0.799,6
12181,8,-0.272,4
12182,8,1.293,5
12183,8,-0.272,4
12184,8,1.041,4
12185,8,-0.397,6
12186,8,0.562,5
12187,8,0.326,5
12188,8,1.423,5
12189,8,-0.029,4
12190,8,0.799,5
12191,8,0.09,4
12192,8,0.68,6
12193,8,0.68,4
12194,8,-0.15,6
12195,8,0.09,6
12196,8,0.326,5
12197,8,-0.654,4
12198,8,-0.272,4
12199,8,-0.788,4
12200,8,-0.029,4
12201,8,0.68,5
12202,8,0.562,6
12203,8,0.326,4
12204,8,-0.927,4
12205,8,-0.272,4
12206,8,0.09,4
12207,8,0.799,4
12208,8,0.326,5
12209,8,-0.397,4
12210,8,0.68,6
12211,8,-0.029,5
12212,8,0.919,6
12213,8,0.209,4
12214,8,0.799,4
12215,8,0.326,4
12216,8,0.444,5
12217,8,-0.788,5
12218,8,0.09,4
12219,8,1.698,5
12220,8,0.326,4
12221,8,0.09,4
12222,8,-0.272,4
12223,8,0.68,4
12224,8,0.919,6
12225,8,1.041,5
12226,8,0.68,6
12227,8,0.919,5
12228,8,0.444,4
12229,8,-1.072,4
12230,8,0.68,5
12231,8,0.919,6
12232,8,-0.397,4
12233,8,0.444,6
12234,8,-1.383,4
12235,8,1.041,5
12236,8,-0.15,4
12237,8,0.326,5
12238,8,-0.029,5
12239,8,-0.029,5
12240,8,1.293,4
12241,8,0.209,5
12242,8,-0.927,4
12243,8,-0.272,4
12244,8,-1.072,4
12245,8,0.799,5
12246,8,0.09,4
12247,8,1.166,5
12248,8,0.562,4
12249,8,0.09,6
12250,8,1.166,5
12251,8,0.919,6
12252,8,-0.15,4
12253,8,0.444,5
12254,8,0.562,4
12255,8,0.326,6
12256,8,-0.029,6
12257,8,1.293,4
12258,8,0.919,4
12259,8,1.041,6
12260,8,-1.383,5
12261,8,-2.148,4
12262,8,-1.383,4
12263,8,0.799,5
12264,8,0.09,5
12265,8,0.444,6
12266,8,0.919,4
12267,8,0.209,6
12268,8,-0.397,4
12269,8,0.09,4
12270,8,1.166,5
12271,8,0.444,5
12272,8,0.562,4
12273,8,1.558,5
12274,8,0.562,5
12275,8,-0.272,4
12276,8,-0.15,5
12277,8,1.558,6
12278,8,1.423,6
12279,8,0.09,4
12280,8,0.326,4
12281,8,-1.072,4
12282,8,-0.654,4
12283,8,1.166,4
12284,8,-0.397,5
12285,8,0.919,6
12286,9,-0.202,4
12287,9,-0.914,5
12288,9,0.381,5
12289,9,-0.551,5
12290,9,0.501,6
12291,9,1.151,4
12292,9,-0.551,6
12293,9,0.381,5
12294,9,-0.67,4
12295,9,0.381,5
12296,9,2.191,6
12297,9,-0.086,5
12298,9,-0.317,5
12299,9,0.029,5
12300,9,-0.202,6
12301,9,0.501,5
12302,9,-0.202,4
12303,9,0.262,5
12304,9,0.879,4
12305,9,1.297,5
12306,9,0.262,6
12307,9,-0.67,6
12308,9,1.012,4
12309,9,-1.915,4
12310,9,0.262,4
12311,9,-0.202,6
12312,9,0.624,6
12313,9,0.029,5
12314,9,0.029,4
12315,9,-0.317,4
12316,9,-1.04,4
12317,9,-0.202,4
12318,9,1.151,5
12319,9,0.624,5
12320,9,0.262,6
12321,9,-0.202,4
12322,9,0.145,5
12323,9,-1.446,4
12324,9,-0.67,5
12325,9,0.262,5
12326,9,-0.433,4
12327,9,0.029,5
12328,9,-0.67,4
12329,9,-1.171,5
12330,9,-0.086,5
12331,9,-0.551,5
12332,9,-0.086,4
12333,9,-1.446,6
12334,9,-0.433,4
12335,9,0.262,4
12336,9,0.624,6
12337,9,0.262,5
12338,9,0.879,5
12339,9,-0.317,4
12340,9,1.979,6
12341,9,0.501,6
12342,9,-0.551,6
12343,9,-0.67,5
12344,9,0.624,4
12345,9,0.879,5
12346,9,-1.915,4
12347,9,1.012,5
12348,9,-0.551,4
12349,9,-0.202,4
12350,9,-0.086,5
12351,9,0.749,6
12352,9,0.262,6
12353,9,-0.914,4
12354,9,-0.086,5
12355,9,0.145,5
12356,9,-0.914,4
12357,9,-0.086,6
12358,9,-0.086,4
12359,9,0.749,5
12360,9,-0.086,5
12361,9,-0.433,4
12362,9,-0.551,4
12363,9,0.145,4
12364,9,-0.317,4
12365,9,-0.202,4
12366,9,0.501,5
12367,9,-0.317,4
12368,9,0.145,5
12369,9,-0.202,5
12370,9,-0.202,4
12371,9,-1.446,5
12372,9,0.262,4
12373,9,0.145,4
12374,9,-0.67,4
12375,9,0.262,5
12376,9,0.381,4
12377,9,-0.433,5
12378,9,-0.086,4
12379,9,-1.749,4
12380,9,-0.317,4
12381,9,0.262,4
12382,9,1.45,6
12383,9,1.012,5
12384,9,0.381,6
12385,9,0.501,6
12386,9,1.151,5
12387,9,-1.305,4
12388,9,0.749,5
12389,9,-1.04,5
12390,9,-0.433,6
12391,9,-0.317,4
12392,9,0.262,4
12393,9,-0.086,4
12394,9,0.262,4
12395,9,-0.551,5
12396,9,-0.317,4
12397,9,0.145,4
12398,9,-0.914,5
12399,9,-0.856,6
12400,9,0.029,4
12401,9,-0.433,4
12402,9,-0.317,4
12403,9,-1.305,4
12404,9,-1.749,4
12405,9,0.029,6
12406,9,-0.317,4
12407,9,0.145,5
12408,9,-0.914,4
12409,9,-1.446,4
12410,9,0.879,5
12411,9,-0.086,6
12412,9,-0.086,6
12413,9,0.145,6
12414,9,-0.202,6
12415,9,1.45,4
12416,9,-0.317,4
12417,9,1.297,4
12418,9,-0.202,6
12419,9,-0.202,5
12420,9,-0.67,4
12421,9,0.145,6
12422,9,1.613,5
12423,9,0.749,5
12424,9,1.151,6
12425,9,-0.086,4
12426,9,-0.086,4
12427,9,1.012,6
12428,9,-0.317,4
12429,9,-0.202,4
12430,9,-0.086,4
12431,9,-0.67,4
12432,9,-0.551,5
12433,9,1.297,5
12434,9,0.624,4
12435,9,0.381,4
12436,9,0.879,4
12437,9,-0.67,5
12438,9,-0.317,4
12439,9,-1.171,5
12440,9,0.029,5
12441,9,-0.086,4
12442,9,-1.04,5
12443,9,-0.67,5
12444,9,-1.593,5
12445,9,-1.04,5
12446,9,0.145,5
12447,9,-0.086,4
12448,9,0.381,4
12449,9,-0.67,5
12450,9,-0.914,4
12451,9,0.262,4
12452,9,-0.202,5
12453,9,-3.04,4
12454,9,1.613,6
12455,9,-0.551,4
12456,9,0.501,4
12457,9,0.381,4
12458,9,-0.202,4
12459,9,-0.202,4
12460,9,-0.914,6
12461,9,0.501,4
12462,9,0.029,4
12463,9,0.029,5
12464,9,1.45,6
12465,9,0.029,5
12466,9,0.501,5
12467,9,1.151,6
12468,9,0.145,6
12469,9,0.262,4
12470,9,1.297,6
12471,9,-1.305,5
12472,9,0.145,6
12473,9,-0.202,4
12474,9,-1.305,4
12475,9,0.029,4
12476,9,0.262,5
12477,9,-0.086,5
12478,9,-0.202,4
12479,9,-1.04,5
12480,9,0.624,6
12481,9,0.624,5
12482,9,-0.317,4
12483,9,0.381,5
12484,9,0.262,6
12485,9,-0.202,4
12486,9,-1.171,4
12487,9,0.749,6
12488,9,-0.202,4
12489,9,0.145,5
12490,9,1.979,5
12491,9,0.381,5
12492,9,-1.305,5
12493,9,1.297,6
12494,9,-0.914,4
12495,9,-0.551,5
12496,9,0.262,4
12497,9,-0.433,4
12498,9,-0.086,4
12499,9,0.749,5
12500,9,0.145,5
12501,9,0.381,4
12502,9,0.029,5
12503,9,1.151,5
12504,9,-0.67,5
12505,9,-0.551,5
12506,9,0.145,4
12507,9,0.262,4
12508,9,-0.086,4
12509,9,-0.551,6
12510,9,0.145,5
12511,9,-0.202,4
12512,9,1.45,5
12513,9,-0.433,4
12514,9,-0.433,4
12515,9,-0.317,5
12516,9,-0.317,5
12517,9,-0.433,4
12518,9,1.297,6
12519,9,0.749,6
12520,9,0.029,4
12521,9,-0.433,4
12522,9,-0.202,4
12523,9,-0.086,4
12524,9,0.029,6
12525,9,-0.202,4
12526,9,-0.202,5
12527,9,0.145,5
12528,9,0.145,4
12529,9,-1.171,5
12530,9,-0.914,6
12531,9,0.624,5
12532,9,0.381,5
12533,9,-0.317,4
12534,9,0.381,4
12535,9,1.012,6
12536,9,-1.04,5
12537,9,-0.551,4
12538,9,0.501,4
12539,9,-0.79,4
12540,9,-0.202,5
12541,9,0.749,5
12542,9,-0.202,4
12543,9,0.624,4
12544,9,2.191,6
12545,9,-0.433,6
12546,9,0.145,4
12547,9,-0.086,6
12548,9,0.879,4
12549,9,0.262,4
12550,9,0.262,5
12551,9,1.151,6
12552,9,1.012,5
12553,9,0.749,6
12554,9,1.613,6
12555,9,0.029,6
12556,9,0.624,5
12557,9,1.297,6
12558,9,0.381,4
12559,9,-1.171,4
12560,9,-1.04,4
12561,9,-0.317,5
12562,9,1.45,5
12563,9,-2.094,4
12564,9,-0.914,5
12565,9,-0.086,5
12566,9,-0.551,6
12567,9,-0.202,4
12568,9,-1.305,4
12569,9,0.749,5
12570,9,0.381,6
12571,9,0.749,4
12572,9,0.501,6
12573,9,-0.202,5
12574,9,-0.317,5
12575,9,0.624,5
12576,9,-0.086,5
12577,9,-0.79,4
12578,9,1.45,4
12579,9,-0.79,5
12580,9,-0.67,6
12581,9,0.879,4
12582,9,1.012,5
12583,9,-0.79,5
12584,9,0.624,6
12585,9,-0.914,4
12586,9,0.381,4
12587,9,0.624,4
12588,9,1.151,6
12589,9,0.381,6
12590,10,1.391,6
12591,10,-0.318,4
12592,10,0.516,5
12593,10,0.254,5
12594,10,1.518,5
12595,10,2.05,6
12596,10,2.05,4
12597,10,0.769,5
12598,10,0.119,5
12599,10,1.391,5
12600,10,-0.318,4
12601,10,2.05,6
12602,10,1.266,4
12603,10,0.516,5
12604,10,1.142,5
12605,10,0.643,6
12606,10,1.018,6
12607,10,1.142,4
12608,10,0.643,5
12609,10,0.643,6
12610,10,1.142,6
12611,10,0.643,5
12612,10,0.387,4
12613,10,1.778,5
12614,10,1.142,5
12615,10,0.387,5
12616,10,1.142,4
12617,10,1.647,5
12618,10,1.391,6
12619,10,0.769,4
12620,10,1.266,6
12621,10,1.647,5
12622,10,0.119,4
12623,10,0.119,6
12624,10,-0.318,4
12625,10,-0.021,4
12626,10,1.142,5
12627,10,1.518,5
12628,10,0.119,4
12629,10,-2.475,6
12630,10,0.516,5
12631,10,0.516,5
12632,10,0.516,5
12633,10,2.193,4
12634,10,0.643,5
12635,10,2.05,6
12636,10,0.254,4
12637,10,0.894,5
12638,10,0.387,5
12639,10,1.647,5
12640,10,0.119,4
12641,10,1.778,6
12642,10,-0.318,6
12643,10,1.142,5
12644,10,0.119,4
12645,10,1.018,6
12646,10,1.266,5
12647,10,-0.021,5
12648,10,2.342,5
12649,10,0.254,4
12650,10,0.769,5
12651,10,2.342,4
12652,10,-0.476,4
12653,10,1.018,4
12654,10,1.018,4
12655,10,1.391,4
12656,10,1.142,4
12657,10,0.516,4
12658,10,0.387,6
12659,10,1.018,5
12660,10,0.769,4
12661,10,1.018,5
12662,10,1.018,4
12663,10,-0.021,5
12664,10,1.142,5
12665,10,1.518,6
12666,10,0.894,6
12667,10,0.643,6
12668,10,0.119,4
12669,10,0.516,5
12670,10,0.516,5
12671,10,1.778,4
12672,10,1.391,6
12673,10,0.387,4
12674,10,1.647,5
12675,10,0.769,4
12676,10,-0.318,5
12677,10,1.142,5
12678,10,1.018,6
12679,10,-0.166,4
12680,10,1.778,4
12681,10,1.266,5
12682,10,0.516,4
12683,10,1.518,6
12684,10,1.647,6
12685,10,1.142,5
12686,10,0.894,6
12687,10,1.266,4
12688,10,0.254,5
12689,10,1.778,4
12690,10,1.266,4
12691,10,1.018,5
12692,10,0.387,5
12693,10,-0.318,5
12694,10,0.894,5
12695,10,0.119,4
12696,10,0.387,5
12697,10,1.142,4
12698,10,2.05,6
12699,10,0.769,5
12700,10,1.018,4
12701,10,0.119,6
12702,10,1.018,5
12703,10,0.894,5
12704,10,1.142,4
12705,10,-0.166,4
12706,10,1.018,5
12707,10,0.894,6
12708,10,1.266,4
12709,10,0.643,5
12710,10,1.018,4
12711,10,1.778,4
12712,10,0.769,6
12713,10,1.266,6
12714,10,0.643,4
12715,10,1.018,5
12716,10,1.391,6
12717,10,0.516,4
12718,10,0.643,5
12719,10,1.518,5
12720,10,0.119,4
12721,10,1.391,6
12722,10,0.643,5
12723,10,1.647,5
12724,10,1.142,4
12725,10,1.142,6
12726,10,0.387,4
12727,10,1.391,4
12728,10,1.142,5
12729,10,2.05,5
12730,10,-0.021,4
12731,10,0.254,5
12732,10,1.142,5
12733,10,0.769,6
12734,10,1.018,4
12735,10,0.516,4
12736,10,0.254,5
12737,10,1.018,4
12738,10,-0.476,4
12739,10,0.516,4
12740,10,0.516,5
12741,10,-0.021,6
12742,10,-0.021,4
12743,10,1.266,4
12744,10,0.387,5
12745,10,1.018,6
12746,10,1.647,5
12747,10,0.894,5
12748,10,0.769,4
12749,10,1.391,6
12750,10,-0.644,6
12751,10,-0.166,4
12752,10,0.516,4
12753,10,1.647,6
12754,10,1.778,5
12755,10,1.518,5
12756,10,0.387,4
12757,10,0.387,6
12758,10,0.769,5
12759,10,-0.318,4
12760,10,-0.476,4
12761,10,1.266,4
12762,10,2.342,6
12763,10,1.778,6
12764,10,0.894,6
12765,10,0.769,5
12766,10,1.018,6
12767,10,-0.476,4
12768,10,0.894,4
12769,10,1.018,5
12770,10,0.516,4
12771,10,1.518,5
12772,10,-0.476,4
12773,10,-0.824,6
12774,10,1.142,4
12775,10,0.387,6
12776,10,0.119,4
12777,10,1.778,6
12778,10,1.647,4
12779,10,-0.318,4
12780,10,0.516,5
12781,10,1.142,5
12782,10,0.894,5
12783,10,0.387,4
12784,10,1.018,5
12785,10,0.643,4
12786,10,1.018,4
12787,10,-0.476,4
12788,10,1.647,5
12789,10,-0.318,5
12790,10,0.119,5
12791,10,2.499,6
12792,10,0.894,4
12793,10,0.119,4
12794,10,0.894,6
12795,10,0.516,5
12796,10,0.643,4
12797,10,0.643,4
12798,10,1.018,6
12799,10,-0.166,4
12800,10,0.254,5
12801,10,0.894,6
12802,10,1.142,5
12803,10,1.518,4
12804,10,0.643,4
12805,10,0.387,6
12806,10,0.894,4
12807,10,1.142,4
12808,10,0.387,4
12809,10,-0.166,4
12810,10,0.119,6
12811,10,-0.166,4
12812,10,0.387,4
12813,10,0.119,4
12814,10,-0.476,4
12815,10,1.018,4
12816,10,1.266,6
12817,10,1.391,4
12818,10,2.05,5
12819,10,0.254,4
12820,10,0.769,5
12821,10,0.769,5
12822,10,0.254,5
12823,10,0.894,5
12824,10,0.643,5
12825,10,0.387,6
12826,10,-0.318,4
12827,10,-0.166,4
12828,10,0.387,4
12829,10,1.266,5
12830,10,1.018,5
12831,10,1.266,4
12832,10,0.387,4
12833,10,-0.476,4
12834,10,0.643,5
12835,10,-0.021,4
12836,10,0.119,4
12837,10,0.643,4
12838,10,-0.021,4
12839,10,1.647,5
12840,10,0.894,4
12841,10,0.769,4
12842,10,0.254,4
12843,10,2.05,4
12844,10,1.778,4
12845,10,1.142,4
12846,10,0.894,4
12847,10,1.142,6
12848,10,1.912,5
12849,10,1.391,6
12850,10,2.193,5
12851,10,0.516,6
12852,10,1.778,6
12853,10,1.266,4
12854,10,2.193,6
12855,10,0.516,5
12856,10,-0.166,4
12857,10,0.119,4
12858,10,0.643,4
12859,10,0.643,4
12860,10,0.516,5
12861,10,1.518,5
12862,10,1.518,4
12863,10,2.193,6
12864,10,1.018,5
12865,10,1.647,5
12866,10,1.518,4
12867,10,1.018,4
12868,10,0.387,4
12869,10,-0.644,4
12870,10,0.516,5
12871,10,0.516,4
12872,10,-0.021,4
12873,10,0.643,4
12874,10,0.119,4
12875,10,0.894,5
12876,10,0.516,6
12877,10,1.266,5
12878,10,-0.318,4
12879,10,0.254,5
12880,10,0.254,4
12881,10,1.266,5
12882,10,1.266,4
12883,10,0.643,4
12884,10,1.018,6
12885,10,1.266,4
12886,10,0.643,5
12887,10,-1.018,4
12888,10,1.391,4
12889,11,-1.296,5
12890,11,-0.086,4
12891,11,-0.21,4
12892,11,-0.998,4
12893,11,0.541,5
12894,11,0.162,5
12895,11,1.083,6
12896,11,0.287,4
12897,11,-1.627,4
12898,11,0.671,6
12899,11,-0.723,5
12900,11,-0.723,5
12901,11,0.038,5
12902,11,0.541,6
12903,11,1.547,4
12904,11,-1.144,6
12905,11,-0.336,4
12906,11,0.805,5
12907,11,-0.336,5
12908,11,1.385,6
12909,11,-0.463,5
12910,11,0.942,5
12911,11,-0.21,4
12912,11,-0.859,4
12913,11,-0.723,4
12914,11,-0.21,4
12915,11,-0.21,6
12916,11,-0.998,4
12917,11,-2.477,4
12918,11,-1.144,6
12919,11,0.038,4
12920,11,0.805,6
12921,11,-0.591,4
12922,11,0.038,5
12923,11,0.287,4
12924,11,1.083,5
12925,11,-0.21,5
12926,11,-0.859,4
12927,11,1.547,6
12928,11,0.162,4
12929,11,0.541,4
12930,11,-1.627,4
12931,11,1.083,6
12932,11,-1.627,4
12933,11,0.805,4
12934,11,0.287,6
12935,11,-1.144,5
12936,11,-0.21,4
12937,11,0.287,5
12938,11,0.671,5
12939,11,0.671,5
12940,11,0.541,4
12941,11,-0.723,4
12942,11,-0.723,4
12943,11,-0.249,4
12944,11,-0.859,5
12945,11,0.805,6
12946,11,-0.859,4
12947,11,-0.21,6
12948,11,0.671,5
12949,11,-1.456,4
12950,11,0.287,4
12951,11,0.671,5
12952,11,-0.336,5
12953,11,-0.086,4
12954,11,-0.21,5
12955,11,-0.723,4
12956,11,-0.21,4
12957,11,-0.336,4
12958,11,0.541,4
12959,11,-0.859,4
12960,11,-0.591,4
12961,11,0.413,5
12962,11,0.541,5
12963,11,1.547,6
12964,11,0.038,4
12965,11,0.805,4
12966,11,1.231,5
12967,11,0.162,4
12968,11,1.083,4
12969,11,-0.998,5
12970,11,0.162,4
12971,11,1.231,6
12972,11,-0.998,4
12973,11,0.162,6
12974,11,-0.723,4
12975,11,-1.296,4
12976,11,0.671,4
12977,11,-0.591,4
12978,11,0.671,5
12979,11,0.541,4
12980,11,0.162,4
12981,11,1.385,5
12982,11,1.083,5
12983,11,-0.723,5
12984,11,-0.336,4
12985,11,-0.086,5
12986,11,-1.144,5
12987,11,-0.086,4
12988,11,0.541,5
12989,11,0.413,4
12990,11,0.413,5
12991,11,-0.086,4
12992,11,-0.591,6
12993,11,-1.627,6
12994,11,2.331,6
12995,11,1.083,5
12996,11,0.162,4
12997,11,-0.859,4
12998,11,0.541,4
12999,11,0.287,6
13000,11,1.906,6
13001,11,-0.998,4
13002,11,0.038,6
13003,11,-0.336,4
13004,11,2.108,6
13005,11,-0.21,4
13006,11,0.038,5
13007,11,-0.086,4
13008,11,0.541,6
13009,11,1.906,5
13010,11,-2.009,6
13011,11,0.413,4
13012,11,1.385,6
13013,11,-0.21,5
13014,11,-0.336,4
13015,11,-0.086,4
13016,11,-0.723,4
13017,11,0.287,6
13018,11,-1.456,5
13019,11,0.287,5
13020,11,1.083,5
13021,11,0.541,4
13022,11,0.413,6
13023,11,0.413,5
13024,11,-0.463,5
13025,11,0.413,5
13026,11,1.547,6
13027,11,-0.859,4
13028,11,-0.998,4
13029,11,0.038,6
13030,11,0.038,4
13031,11,-0.591,6
13032,11,1.083,5
13033,11,1.906,5
13034,11,-0.463,5
13035,11,-0.086,5
13036,11,-0.463,6
13037,11,-0.086,4
13038,11,-1.296,5
13039,11,0.541,5
13040,11,1.231,5
13041,11,-0.591,6
13042,11,0.038,6
13043,11,1.231,5
13044,11,0.038,5
13045,11,1.083,4
13046,11,-1.144,5
13047,11,1.231,6
13048,11,-0.723,5
13049,11,0.413,4
13050,11,-0.859,4
13051,11,0.805,5
13052,11,0.162,6
13053,11,-0.998,4
13054,11,1.325,5
13055,11,-0.086,5
13056,11,0.038,4
13057,11,-0.21,4
13058,11,0.541,6
13059,11,-0.21,4
13060,11,0.942,6
13061,11,0.942,4
13062,11,0.942,6
13063,11,-2.009,4
13064,11,0.541,6
13065,11,-1.81,4
13066,11,0.162,5
13067,11,0.413,6
13068,11,0.671,4
13069,11,0.038,4
13070,11,0.038,6
13071,11,0.541,6
13072,11,-1.144,4
13073,11,0.671,6
13074,11,0.942,5
13075,11,1.547,5
13076,11,0.162,5
13077,11,0.038,5
13078,11,0.287,4
13079,11,0.162,4
13080,11,-0.723,5
13081,11,-1.456,5
13082,11,0.671,5
13083,11,-1.296,5
13084,11,-0.336,4
13085,11,0.671,4
13086,11,0.805,4
13087,11,-0.21,5
13088,11,-0.463,5
13089,11,-0.591,4
13090,11,0.413,6
13091,11,-1.627,4
13092,11,0.541,4
13093,11,0.413,4
13094,11,-0.591,6
13095,11,-0.463,4
13096,11,-0.389,5
13097,11,-0.998,5
13098,11,0.541,6
13099,11,0.671,6
13100,11,-0.086,5
13101,11,0.038,4
13102,11,1.083,5
13103,11,0.038,5
13104,11,-0.336,6
13105,11,-0.086,5
13106,11,-0.086,4
13107,11,-0.21,5
13108,11,-0.21,5
13109,11,-0.21,5
13110,11,0.805,5
13111,11,-0.21,5
13112,11,-1.627,4
13113,11,-0.336,4
13114,11,0.162,5
13115,11,0.541,4
13116,11,-0.859,4
13117,11,0.671,6
13118,11,-1.144,6
13119,11,0.287,6
13120,11,-0.21,5
13121,11,0.413,5
13122,11,-0.591,5
13123,11,-1.296,6
13124,11,0.287,6
13125,11,-0.723,4
13126,11,0.162,5
13127,11,-0.591,6
13128,11,0.541,5
13129,11,-1.144,4
13130,11,0.805,6
13131,11,1.385,6
13132,11,0.287,5
13133,11,0.671,6
13134,11,0.942,6
13135,11,-0.591,4
13136,11,-0.859,5
13137,11,0.038,4
13138,11,0.942,6
13139,11,-0.21,4
13140,11,-0.336,4
13141,11,-0.086,6
13142,11,-0.859,4
13143,11,0.038,4
13144,11,0.413,4
13145,11,1.385,5
13146,11,0.671,5
13147,11,0.413,4
13148,11,0.038,5
13149,11,-0.336,6
13150,11,0.038,4
13151,11,-1.144,4
13152,11,-0.336,4
13153,11,0.038,5
13154,11,-1.81,4
13155,11,-0.723,4
13156,11,0.038,4
13157,11,-0.463,4
13158,11,1.083,5
13159,11,0.942,6
13160,11,-0.723,4
13161,11,0.671,6
13162,11,0.413,5
13163,11,-0.336,6
13164,11,1.083,4
13165,11,-0.591,5
13166,11,0.038,5
13167,11,0.541,4
13168,11,0.541,5
13169,11,-0.723,6
13170,11,1.547,5
13171,11,-0.591,4
13172,11,0.541,5
13173,11,-0.859,4
13174,11,-0.336,4
13175,11,1.385,5
13176,11,0.287,5
13177,11,-1.296,4
13178,11,-0.463,5
13179,11,1.906,6
13180,11,-0.723,4
13181,11,-0.998,4
13182,11,-0.21,5
13183,11,1.906,5
13184,11,-0.723,4
13185,11,0.162,4
13186,11,-0.336,4
13187,11,-0.336,4
13188,11,1.385,6
13189,11,-0.086,4
13190,11,-0.591,6
13191,11,-1.144,4
13192,11,0.942,5
13193,11,-0.463,4
13194,11,0.038,4
13195,11,1.083,6
13196,11,-1.144,5
13197,11,0.162,6
13198,11,0.413,5
13199,11,0.541,4
13200,11,0.162,5
13201,11,-0.21,4
13202,11,0.541,6
13203,11,0.541,6
13204,11,0.942,5
13205,11,-0.859,5
13206,11,-0.998,4
13207,11,-0.859,4
13208,11,-0.591,5
13209,11,0.413,6
13210,11,0.413,6
13211,11,0.805,5
13212,11,1.547,4
13213,11,-1.81,4
13214,11,-0.723,4
13215,11,0.038,4
13216,11,-1.456,5
13217,11,1.906,5
13218,11,0.671,5
13219,11,-0.859,4
13220,11,1.083,4
13221,11,-1.627,4
13222,11,0.162,4
13223,11,1.547,5
13224,11,-0.086,5
13225,11,0.671,5
13226,11,0.671,5
13227,11,-1.81,4
13228,11,1.385,5
13229,11,-0.086,4
13230,11,-0.086,5
13231,11,-0.591,4
13232,11,0.541,6
13233,11,0.413,5
13234,11,0.942,4
13235,11,0.942,5
13236,11,0.541,4
13237,11,-0.591,5
13238,11,-2.477,4
13239,11,0.413,4
13240,11,0.541,6
13241,11,-0.591,4
13242,11,1.231,6
13243,11,-1.296,4
13244,11,-0.723,6
13245,11,1.547,4
13246,11,-2.009,4
13247,11,-0.998,4
13248,11,-0.336,4
13249,11,0.541,5
13250,11,-0.336,5
13251,11,0.038,5
13252,11,-0.859,4
13253,11,-0.859,4
13254,11,1.231,6
13255,11,0.805,4
13256,11,-0.723,4
13257,11,0.413,4
13258,11,-0.723,4
13259,11,0.413,4
13260,11,-0.086,5
13261,11,2.108,6
13262,11,1.083,5
13263,11,-0.336,4
13264,11,0.671,6
13265,11,0.287,5
13266,11,-0.21,6
13267,11,1.547,4
13268,11,0.413,4
13269,11,1.083,5
13270,11,1.721,5
13271,11,-0.086,4
13272,11,-0.21,4
13273,11,0.413,5
13274,11,0.671,5
13275,11,0.287,4
13276,11,1.231,6
13277,11,0.671,5
13278,11,-0.21,4
13279,11,-0.21,5
13280,11,0.805,4
13281,11,-0.336,4
13282,11,0.805,5
13283,11,-0.336,4
13284,11,-0.859,5
13285,11,0.541,5
13286,11,-0.723,5
13287,12,-1.654,4
13288,12,-1.979,4
13289,12,-0.712,5
13290,12,-0.468,4
13291,12,-1.979,6
13292,12,-0.226,5
13293,12,0.139,4
13294,12,0.139,5
13295,12,0.016,5
13296,12,-0.226,6
13297,12,-0.963,5
13298,12,-2.16,5
13299,12,0.016,4
13300,12,-0.347,4
13301,12,-1.092,4
13302,12,-0.226,6
13303,12,0.139,5
13304,12,-0.837,4
13305,12,-0.105,4
13306,12,-0.347,6
13307,12,-1.811,6
13308,12,-0.963,4
13309,12,1.216,5
13310,12,-0.105,5
13311,12,-1.654,4
13312,12,-0.347,6
13313,12,0.016,5
13314,12,-0.589,4
13315,12,-0.347,4
13316,12,-0.963,5
13317,12,-1.225,4
13318,12,-0.468,5
13319,12,0.262,6
13320,12,0.388,4
13321,12,-0.963,5
13322,12,0.139,5
13323,12,-1.363,5
13324,12,-0.226,4
13325,12,-0.712,4
13326,12,-0.589,6
13327,12,-0.837,4
13328,12,0.262,5
13329,12,0.139,5
13330,12,-0.589,5
13331,12,0.516,4
13332,12,0.139,6
13333,12,-1.811,4
13334,12,-0.712,5
13335,12,-0.226,4
13336,12,-0.589,4
13337,12,-0.468,6
13338,12,0.016,5
13339,12,-0.963,4
13340,12,0.262,6
13341,12,0.921,6
13342,12,-0.589,6
13343,12,-0.837,5
13344,12,-0.712,6
13345,12,-1.225,4
13346,12,-1.979,5
13347,12,0.262,4
13348,12,-0.468,5
13349,12,-0.963,5
13350,12,-0.589,4
13351,12,-0.589,6
13352,12,0.139,5
13353,12,-0.589,4
13354,12,-0.712,5
13355,12,0.262,5
13356,12,0.139,4
13357,12,0.782,5
13358,12,-1.092,4
13359,12,-1.505,4
13360,12,-0.105,4
13361,12,-0.712,6
13362,12,-0.226,4
13363,12,-1.225,5
13364,12,-1.092,5
13365,12,0.016,5
13366,12,-0.712,4
13367,12,0.516,4
13368,12,-1.811,4
13369,12,0.016,4
13370,12,-1.811,6
13371,12,1.539,5
13372,12,-0.347,5
13373,12,-0.226,4
13374,12,-0.712,4
13375,12,-0.468,4
13376,12,-0.712,5
13377,12,-0.468,4
13378,12,0.648,4
13379,12,-1.654,6
13380,12,-2.16,5
13381,12,-0.837,6
13382,12,-1.225,4
13383,12,-0.837,4
13384,12,0.262,4
13385,12,-0.837,4
13386,12,0.016,4
13387,12,-0.468,5
13388,12,0.262,4
13389,12,-0.347,6
13390,12,-0.712,5
13391,12,-1.811,4
13392,12,-1.092,4
13393,12,-1.505,4
13394,12,-0.837,5
13395,12,-0.468,5
13396,12,-0.347,4
13397,12,-0.589,5
13398,12,-0.963,4
13399,12,-1.363,6
13400,12,-1.811,4
13401,12,0.016,5
13402,12,-0.963,4
13403,12,-1.363,4
13404,12,-1.811,5
13405,12,-1.505,4
13406,12,-1.225,4
13407,12,-1.363,4
13408,12,0.139,6
13409,12,-1.654,4
13410,12,-0.712,4
13411,12,-1.092,5
13412,12,-1.225,4
13413,12,-0.712,4
13414,12,-0.105,4
13415,12,0.648,4
13416,12,-0.963,5
13417,12,-1.225,5
13418,12,-0.712,4
13419,12,-0.963,4
13420,12,-0.226,5
13421,12,-0.105,5
13422,12,0.388,5
13423,12,-0.837,6
13424,12,0.016,5
13425,12,-0.347,5
13426,12,-0.347,5
13427,12,0.921,6
13428,12,-1.225,6
13429,12,-0.226,5
13430,12,-0.105,6
13431,12,-0.712,4
13432,12,0.388,6
13433,12,-1.505,4
13434,12,-1.225,4
13435,12,-1.363,4
13436,12,-0.226,4
13437,12,-1.225,4
13438,12,0.388,6
13439,12,-1.363,4
13440,12,-0.105,5
13441,12,-1.363,5
13442,12,0.262,6
13443,12,0.016,5
13444,12,0.516,6
13445,12,-1.654,4
13446,12,-0.226,6
13447,12,-0.347,6
13448,12,-0.468,4
13449,12,0.016,4
13450,12,0.016,5
13451,12,-0.963,4
13452,12,-1.979,5
13453,12,-1.225,6
13454,12,0.016,6
13455,12,-0.963,5
13456,12,-0.226,5
13457,12,-1.225,4
13458,12,0.139,4
13459,12,-1.092,6
13460,12,-0.589,6
13461,12,0.388,5
13462,12,-0.837,6
13463,12,-0.226,5
13464,12,-1.225,5
13465,12,0.016,5
13466,12,-2.579,4
13467,12,-1.654,4
13468,12,-1.979,4
13469,12,0.388,4
13470,12,-1.811,4
13471,12,-0.105,5
13472,12,-0.837,4
13473,12,0.139,4
13474,12,0.921,6
13475,12,-0.226,4
13476,12,-0.347,5
13477,12,-1.225,5
13478,12,-0.963,4
13479,12,-0.468,4
13480,12,0.388,5
13481,12,0.262,6
13482,12,0.016,6
13483,12,0.921,5
13484,12,0.648,6
13485,12,-0.468,6
13486,12,-1.092,4
13487,12,-0.226,5
13488,12,1.373,5
13489,12,0.388,6
13490,12,-0.837,4
13491,12,-1.225,4
13492,12,-0.105,5
13493,12,-1.092,6
13494,12,0.139,6
13495,12,-0.712,4
13496,12,1.066,6
13497,12,-0.712,4
13498,12,-1.979,4
13499,12,-0.226,6
13500,12,-1.225,4
13501,12,-0.589,5
13502,12,0.516,4
13503,12,-1.092,5
13504,12,-0.468,5
13505,12,-0.468,5
13506,12,0.139,6
13507,12,-0.347,4
13508,12,0.782,5
13509,12,-0.712,4
13510,12,-0.347,6
13511,12,-1.225,5
13512,12,-0.589,5
13513,12,-0.347,4
13514,12,-0.347,4
13515,12,0.016,4
13516,12,-0.226,5
13517,12,-0.963,4
13518,12,-1.505,5
13519,12,0.016,6
13520,12,-0.712,4
13521,12,-1.979,4
13522,12,-1.505,5
13523,12,-0.589,6
13524,12,-2.579,5
13525,12,-1.225,4
13526,12,-0.105,5
13527,12,-0.589,5
13528,12,-1.225,4
13529,12,-1.092,6
13530,12,-0.468,5
13531,12,-0.589,6
13532,12,-0.963,4
13533,12,-0.712,4
13534,12,0.388,5
13535,12,0.648,4
13536,12,-0.589,5
13537,12,-0.226,4
13538,12,-0.468,4
13539,12,-0.105,4
13540,12,-0.468,4
13541,12,-1.654,4
13542,12,0.388,5
13543,12,-0.963,6
13544,12,-1.505,4
13545,12,0.516,4
13546,12,-0.712,5
13547,12,-1.363,5
13548,12,-0.226,6
13549,12,-0.712,5
13550,12,-0.468,5
13551,12,0.782,5
13552,12,-1.225,4
13553,12,-1.505,5
13554,12,0.516,5
13555,12,-0.837,5
13556,12,-0.347,4
13557,12,0.782,6
13558,12,-0.589,4
13559,12,-1.505,5
13560,12,-1.654,6
13561,12,-1.092,4
13562,12,-1.363,5
13563,12,-0.963,5
13564,12,-0.837,4
13565,12,-1.505,5
13566,12,-0.105,4
13567,12,-0.347,4
13568,12,1.539,5
13569,12,-1.811,5
13570,12,-1.092,4
13571,12,-0.837,5
13572,12,-1.654,4
13573,12,0.388,5
13574,12,-1.811,4
13575,12,-1.092,4
13576,12,-0.468,4
13577,12,0.262,4
13578,12,0.388,5
13579,12,-1.363,4
13580,12,-0.347,5
13581,12,-0.837,5
13582,12,0.139,6
